,Job_id,Salary,experi,product,machin,model,python,analyt,market,research,aw,senior,sql,nlp,statist,deep,vision,fintech,social,recommend,java,financ
0,40396679,45000.0,0.053202971551012425,0.1328495569101372,0.0,0.08620815552141753,0.0,0.059204929832139985,0.0,0.03481727374486935,0.0,0.03576951851134737,0.0,0.0,0.0,0.0,0.0,0.0,0.0,0.0,0.0,0.0
1,40583658,57500.0,0.0,0.07271548410758089,0.08550038487406528,0.039321845881916034,0.0,0.04050742842533063,0.0,0.23821634924391238,0.11021182437515847,0.0,0.0,0.0,0.0,0.06044804151480117,0.0,0.0,0.06553097236837507,0.0,0.0,0.0
2,40610730,55000.0,0.1358444726956748,0.0,0.047861753844854145,0.044023486235707586,0.07866622980239081,0.0,0.0,0.0,0.06169482414384042,0.0547987216401227,0.1095974432802454,0.0,0.16144979384131658,0.0,0.0,0.0,0.0,0.0,0.0,0.0
3,40502398,95000.0,0.02640521768248619,0.0,0.046516431764219386,0.042786052097974134,0.038227520063441434,0.0,0.0,0.0,0.059960675214600745,0.0,0.053258411804173365,0.0,0.052303894134420895,0.0,0.0,0.24450864550119877,0.0,0.0,0.07851651932220823,0.0
4,40509594,75000.0,0.034343215150344227,0.0,0.12100061762902894,0.05564849380541861,0.04971956535217843,0.0,0.0,0.06742501903424557,0.0,0.06926907845071559,0.0,0.0,0.06802761147660095,0.0,0.0,0.0,0.0,0.0,0.0,0.0
5,40572991,,0.0998912066751402,0.26190318448569294,0.04399303345103303,0.04046501740986249,0.10846132249085921,0.04168506741474195,0.14453020978034384,0.0,0.0,0.0,0.15110783457720858,0.0,0.04946654068261556,0.0,0.0,0.07708155743848415,0.06743610017023711,0.06647572424265331,0.0,0.0
6,40598389,80000.0,0.0998912066751402,0.26190318448569294,0.04399303345103303,0.04046501740986249,0.10846132249085921,0.04168506741474195,0.14453020978034384,0.0,0.0,0.0,0.15110783457720858,0.0,0.04946654068261556,0.0,0.0,0.07708155743848415,0.06743610017023711,0.06647572424265331,0.0,0.0
7,40586704,72500.0,0.09932184014774341,0.26041037133798783,0.04374227904011551,0.04023437221885352,0.10784310744872526,0.04144746810176719,0.14370640690133585,0.0,0.0,0.0,0.15024654011597063,0.0,0.04918458801202276,0.0,0.0,0.07664220286318289,0.06705172341223099,0.06609682149907833,0.0,0.0
8,40467268,105000.0,0.030433248939253636,0.04559568970360053,0.05361236421789663,0.0,0.044059005625720224,0.0,0.0,0.0,0.0,0.0,0.0,0.0,0.0,0.0,0.0,0.0,0.0,0.0,0.0,0.0
9,40572545,175500.0,0.03437400252911963,0.0,0.1211090900545341,0.05569838055159448,0.04976413704077384,0.0,0.0,0.06748546298484423,0.0,0.0,0.0,0.0,0.06808859562827539,0.0,0.0,0.0,0.0,0.0,0.0,0.0
10,40584807,,0.057395469266429466,0.0,0.05055501647081742,0.0,0.04154645644880145,0.0,0.05536275907645559,0.0,0.13033299451860242,0.05788233929070688,0.0,0.07985385601978276,0.0,0.0,0.0,0.0,0.0,0.0,0.0,0.0
11,40607291,45000.0,0.1270674831274363,0.04759374807189227,0.0,0.05147387931453178,0.045989724635814105,0.0,0.0,0.0,0.0,0.0,0.0,0.35357594012701415,0.0,0.0,0.0,0.0,0.0,0.0,0.0,0.0
12,40592384,,0.028313424377992814,0.042419727021658554,0.2493900048329922,0.13763412198404457,0.0409900805018678,0.0,0.05462135992623009,0.0,0.06429380979759981,0.11421439756655573,0.057107198783277864,0.0,0.22433480671234265,0.0,0.0,0.0873927914223734,0.0,0.0,0.0,0.0
13,40587228,,0.023507037973862558,0.17609352380457308,0.0,0.11426984206449166,0.0,0.03923838725256782,0.18139612712730147,0.0,0.0,0.0,0.04741288345972218,0.06541030676490403,0.0,0.0,0.0,0.07255730141227154,0.0,0.0,0.0,0.0859095552840768
14,40601954,,0.02640521768248619,0.0,0.046516431764219386,0.042786052097974134,0.038227520063441434,0.0,0.0,0.0,0.059960675214600745,0.0,0.053258411804173365,0.0,0.052303894134420895,0.0,0.0,0.24450864550119877,0.0,0.0,0.07851651932220823,0.0
15,40591674,,0.0998912066751402,0.26190318448569294,0.04399303345103303,0.04046501740986249,0.10846132249085921,0.04168506741474195,0.14453020978034384,0.0,0.0,0.0,0.15110783457720858,0.0,0.04946654068261556,0.0,0.0,0.07708155743848415,0.06743610017023711,0.06647572424265331,0.0,0.0
16,40568565,,0.0,0.044231018177945405,0.1560232648107411,0.04783699926745238,0.0854806536057088,0.0,0.056953651836742086,0.0,0.13407821641261536,0.0,0.05954563418536457,0.0,0.0,0.0,0.0,0.0,0.0,0.0,0.0,0.0
17,40525979,,0.10171386147138062,0.030477939936424135,0.14334639323187756,0.23073880623381404,0.029450760276869672,0.0,0.0,0.0798767269253265,0.04619414152039748,0.0,0.0,0.22642188738482733,0.04029530152997652,0.05067233756807272,0.0,0.0,0.0,0.0,0.0,0.0
18,40457074,,0.02506683848156893,0.0,0.04415869226277944,0.16246956493227874,0.0,0.0836840708413382,0.0,0.0,0.0,0.0,0.05055894719495449,0.06975058263524425,0.04965281036460529,0.0,0.0,0.07737181337700756,0.0,0.0,0.0,0.0
19,40598179,,0.09191950373393722,0.06885780053137398,0.13494073326262176,0.0,0.022179042512630007,0.15343375407767018,0.0,0.0,0.0,0.030899743891301155,0.0,0.0,0.030345946837729204,0.0,0.0,0.0,0.0,0.0,0.0,0.0
20,40583526,,0.06416761553323633,0.03204572618052671,0.0,0.1386331532008196,0.0,0.0,0.0,0.0,0.0,0.0,0.0,0.1785517776024481,0.0,0.0,0.0,0.0,0.0,0.0,0.0,0.0
21,40477772,,0.07182863373452143,0.046120742605234674,0.0,0.0,0.01485545432851128,0.03425648522105018,0.0,0.06043672850521125,0.0,0.0,0.020696553238424162,0.0,0.0,0.0,0.0,0.0,0.0,0.0,0.0,0.0
22,40578225,,0.0347146717415156,0.07801530181913499,0.12230936163442704,0.0,0.025128666357762473,0.02897318953272488,0.0,0.13630857755703257,0.0,0.035009146780914914,0.0,0.3863859547732498,0.034381699433663704,0.21617918388953636,0.0,0.0,0.0,0.0,0.051612435605192644,0.0
23,40588986,,0.032193545712030994,0.0,0.056713369697203246,0.05216524781642237,0.046607433023976075,0.0,0.0,0.0,0.0,0.0,0.0,0.08958124384770778,0.06376951051801236,0.0,0.0,0.3974770113282385,0.0,0.08569680308722621,0.0,0.0
24,40549328,,0.05435798201418343,0.0,0.0,0.0,0.0,0.0,0.0,0.0,0.0,0.16445725760152013,0.05481908586717338,0.0,0.0538365971986736,0.0,0.0,0.0,0.0,0.0,0.0,0.0
25,40579299,,0.0,0.0,0.0,0.03717174975520169,0.06642275881431363,0.038292505320703024,0.0,0.0,0.0,0.0,0.04626994683713641,0.0,0.0,0.0,0.0,0.0,0.06194777613968871,0.0,0.0,0.0
26,40565289,110500.0,0.06429005749404758,0.0,0.0,0.0,0.0,0.0,0.0,0.0,0.0,0.0,0.0,0.0,0.0,0.0,0.0,0.0,0.0,0.0,0.0,0.0
27,40526500,92500.0,0.08704682191408497,0.03726150106043975,0.021906425576013255,0.0805985696174282,0.0,0.02075716892695193,0.023989709549223633,0.0,0.0,0.0,0.025081490351592718,0.0,0.09852788107214315,0.030975311388602173,0.03765773990338952,0.0,0.0,0.0,0.0,0.0
28,40547797,72500.0,0.08780620888552922,0.0,0.0,0.0,0.0,0.0,0.0,0.1723873341361404,0.0,0.0,0.0,0.0,0.08696399910650442,0.0,0.0,0.0,0.0,0.0,0.0,0.0
29,40608685,72500.0,0.0,0.0,0.0,0.0,0.09446729446940315,0.1633802678784181,0.06294122906437462,0.0,0.0,0.06580570832907766,0.0,0.0,0.0,0.0,0.0,0.0,0.0,0.0,0.0,0.0
30,40589725,110500.0,0.050563395871215784,0.0,0.08907439363284073,0.05462072221257125,0.024400647546067862,0.11253515423512393,0.1950905978805468,0.0,0.0,0.06798974838756429,0.033994874193782144,0.04689896473684411,0.10015681508579316,0.0,0.1531212993118573,0.0,0.0,0.044865321951554224,0.0,0.0
31,40602014,70000.0,0.10153570005452352,0.0,0.0,0.054841582253123834,0.048998624156572496,0.0,0.0,0.0,0.0,0.40958799820200426,0.0682646663670007,0.0,0.0,0.0,0.0,0.0,0.0,0.0,0.0,0.0
32,40568572,95000.0,0.0,0.04979090806303218,0.17563556874572028,0.0,0.09622567013327234,0.0,0.0,0.06524612186734104,0.0,0.0,0.0,0.0,0.06582924101945117,0.08278189754470844,0.0,0.0,0.0,0.0,0.0,0.0
33,40510070,45000.0,0.011196240294915201,0.03354885305560953,0.0394474420894219,0.018141979601153383,0.0,0.0,0.08639772608282117,0.0,0.0,0.022582429861223132,0.022582429861223132,0.0,0.02217769889763863,0.055778008966539366,0.03390561159562335,0.0,0.0,0.0,0.0,0.0
34,40509055,,0.06425517747645872,0.03208945518670875,0.037731451595694326,0.03470558236041127,0.12403185439573274,0.03575198116704675,0.0,0.0,0.0,0.0,0.0,0.35759085212197067,0.04242590789857719,0.1600548832028992,0.0,0.0,0.05783783817062397,0.0,0.0636880804461682,0.0
35,40576757,90000.0,0.02055342667628514,0.03079354645796111,0.03620769504742386,0.0,0.0297557301018313,0.20584898433942936,0.0,0.0,0.0,0.0,0.0,0.0,0.0,0.0,0.0,0.0,0.0,0.0,0.0,0.0
36,40534358,,0.06316767240402126,0.03154634805265584,0.037092854884701196,0.03411819783606424,0.12193264191050378,0.03514688656773455,0.0,0.0,0.0,0.0,0.0,0.29294891982039273,0.04170785852334403,0.26224331449214733,0.0,0.0,0.05685894518705988,0.0,0.06261017336911766,0.0
37,40530293,,0.08896942215498763,0.04443191035112823,0.0,0.0,0.0,0.0,0.0,0.0,0.06734359208867327,0.0,0.0,0.0,0.0,0.0,0.0,0.0,0.0,0.0,0.0,0.0
38,40589742,,0.03721377709192336,0.0,0.09833579921214662,0.030149923862841498,0.026937676248764655,0.124235864874786,0.1794790949352963,0.0,0.0,0.07505890271319123,0.03752945135659561,0.0517752295752874,0.11057050243419718,0.0,0.11269460451450733,0.0,0.0,0.0,0.0,0.0
39,40565165,,0.05819856714813639,0.08719423332610063,0.10252480059337767,0.04715141825320402,0.04212778928905713,0.048573068156062424,0.0,0.0,0.0,0.0586922496314835,0.0586922496314835,0.0,0.057640344637456174,0.0,0.0,0.0,0.0,0.0,0.0,0.0
40,40497140,,0.027123540654500684,0.0,0.0,0.0,0.039267454903400285,0.0,0.0,0.0,0.061591835046042535,0.0,0.05470724442172532,0.0,0.0,0.0,0.0,0.0,0.0,0.0,0.0,0.0
41,40606176,,0.06363587461073564,0.0,0.03736778913270189,0.0,0.06141820662588314,0.0,0.04092143671178038,0.0,0.09633575847049822,0.04278378685468694,0.12835136056406082,0.0,0.0,0.0,0.0,0.06547326152418088,0.0,0.0,0.0,0.0
42,40469686,,0.09874853225425814,0.0,0.0,0.08000426083272791,0.03574020429766079,0.0824164480766053,0.0,0.0,0.0560592677327495,0.14937928345530863,0.0,0.0,0.048900683560563055,0.0,0.0,0.0,0.0,0.06571529585030521,0.0,0.0
43,40557100,,0.03274072530100961,0.0,0.2307092079586398,0.10610375534859519,0.0,0.0,0.0,0.12855779617322474,0.0,0.06603691178827303,0.0,0.0,0.0,0.0,0.0,0.0,0.0,0.0,0.0,0.0
44,40537038,,0.0692586306176208,0.06917642471102683,0.08133908492246388,0.0,0.03342250665932646,0.0,0.04453718420466888,0.0,0.0,0.0,0.0,0.06423931816863962,0.0,0.0,0.0,0.0,0.0,0.06145375932616556,0.0,0.0
45,40477757,,0.0181788420683004,0.0,0.0,0.0,0.0,0.07586115758952369,0.017535022652126146,0.07137996644227489,0.0,0.0,0.0,0.0,0.054013428849181304,0.0,0.0,0.0,0.0,0.0,0.0,0.0
46,40517734,,0.06963798344377345,0.0,0.12267690969306674,0.05641942481692529,0.02520417973149429,0.029060255963479237,0.16792923506171342,0.0,0.0,0.03511435167906832,0.03511435167906832,0.0,0.0,0.0,0.0,0.0,0.0,0.0,0.0,0.0
47,40460777,,0.029726038544746983,0.08907226647466793,0.05236651559606023,0.0,0.043035158753099705,0.09923851854074173,0.0,0.0,0.0,0.05995639275388099,0.11991278550776198,0.0,0.05888183130228108,0.0,0.0,0.0,0.0,0.07912848415390555,0.0,0.0
48,40491401,,0.028363485318823677,0.04249472930383192,0.19986476086559185,0.0,0.04106255502728237,0.04734485995258096,0.10943587180969877,0.05568519223163247,0.0,0.0,0.05720816997140189,0.0,0.05618286322187492,0.0,0.0,0.0,0.0,0.0,0.0,0.0
49,40475134,,0.02933284415169171,0.04394704169555579,0.2066953978323239,0.0,0.04246592100887453,0.04896293183867165,0.11317598441500483,0.05758830577155642,0.0,0.0,0.059163333247375986,0.0,0.05810298531222316,0.0,0.0,0.0,0.0,0.0,0.0,0.0
50,40460821,47500.0,0.030385551312309172,0.09104845636917124,0.3211700296282053,0.04923563960377537,0.08797990506251041,0.0,0.05861884145941061,0.059655054619368,0.0,0.0,0.06128660722085864,0.0,0.060188205155724116,0.0,0.0,0.0,0.0,0.24265217296658176,0.0,0.0
51,40568589,65000.0,0.024800645451468564,0.03715681282374135,0.21844878268453158,0.0,0.07180907826494741,0.0,0.0,0.0,0.05631703040321071,0.10004409009963879,0.05002204504981939,0.0,0.0,0.061776569095083646,0.0,0.0,0.0,0.0,0.0,0.0
52,40509921,72500.0,0.024923648519892906,0.03734109843030481,0.21953221700951076,0.0,0.07216522774438723,0.0,0.0,0.0,0.05659634440565058,0.10054027597851269,0.05027013798925634,0.0,0.0,0.06208296061905803,0.0,0.0,0.0,0.0,0.0,0.0
53,40583545,32500.0,0.044055679159395476,0.13201016300577997,0.2716355367073016,0.03569310820292485,0.03189027599063062,0.036769281639255254,0.0,0.0432466062493727,0.0,0.0,0.0,0.1838829391280433,0.0,0.32921829146911236,0.0,0.0,0.0,0.0,0.0,0.0
54,40557384,77500.0,0.0485032641920842,0.0,0.0,0.02619764035020977,0.023406478817191108,0.10795007381753839,0.0,0.0,0.03671355797984979,0.032609802719684985,0.06521960543936997,0.0,0.0,0.040272678353779935,0.0,0.0,0.0,0.0,0.0,0.0
55,40568558,,0.02760433834952175,0.0,0.1458865444707501,0.0,0.07992703645039685,0.0,0.0,0.162584344287195,0.0,0.0,0.0,0.0,0.0,0.20628108071344395,0.3343772372795948,0.0,0.0,0.0,0.0,0.0
56,40592343,,0.027519785107332627,0.0,0.14543968788717315,0.0,0.07968221659690572,0.0,0.0,0.21611512219311266,0.0,0.0,0.0,0.0,0.0,0.2056492331409445,0.2500147693689635,0.0,0.0,0.0,0.0,0.0
57,40604237,32500.0,0.06263625400840767,0.03128095423598351,0.03678079929231719,0.03383116750448416,0.1209068442758757,0.03485120206077384,0.0,0.0,0.0,0.0,0.0,0.23238751411952493,0.0413569777259768,0.26003710811879144,0.0,0.0,0.0563806009917201,0.0,0.062083445113751586,0.0
58,40535358,,0.03443077329987429,0.0,0.0,0.0,0.0,0.0,0.0,0.0,0.0,0.0,0.0,0.0,0.0,0.0,0.0,0.0,0.0,0.0,0.0,0.0
59,40555977,,0.0,0.0,0.0,0.0,0.0,0.0,0.0,0.0,0.0,0.0,0.0,0.0,0.0,0.0,0.0,0.0,0.0,0.0,0.0,0.0
60,40536209,,0.02929892356862847,0.0,0.0,0.0,0.0,0.0,0.0,0.11504342098720947,0.0,0.02954745830162182,0.0,0.0,0.0,0.0,0.0,0.0,0.11867742179227474,0.03899576806772995,0.0,0.0
61,40546189,,0.03368285944622407,0.0,0.029668500595117067,0.10915695499308535,0.024381775616427584,0.028112029346153804,0.0,0.0,0.0,0.10190574571473413,0.03396858190491137,0.0,0.10007935188061694,0.0,0.0,0.10396619888836135,0.0,0.0,0.0,0.0
62,40577180,,0.017902389037971242,0.13410854969145716,0.09461258014778354,0.0,0.0,0.0,0.0,0.07029446231865578,0.0,0.0,0.0,0.3487043038218052,0.035461349808008906,0.08918704761418297,0.0,0.0,0.0,0.0,0.0,0.0
63,40396052,,0.0732979697422614,0.0,0.0,0.0,0.0,0.0,0.1414041174851986,0.04796791237520458,0.0,0.0,0.0,0.0,0.0,0.060859936100897356,0.0,0.0,0.1319550043649448,0.0,0.0,0.0
64,40573571,,0.0,0.0,0.0,0.0,0.0,0.0,0.0,0.0,0.0,0.0,0.0,0.0,0.0,0.0,0.0,0.0,0.0,0.0,0.0,0.0
65,40576559,,0.05125609487846766,0.0511952569192072,0.0,0.0,0.0,0.0,0.0,0.0,0.0,0.0,0.0,0.0,0.0,0.0,0.0,0.0,0.0,0.0,0.0,0.0
66,40552489,,0.033691842417193016,0.0,0.0,0.0,0.0,0.0,0.0,0.0,0.0,0.10193292322787803,0.0,0.0,0.0,0.0,0.0,0.0,0.04549041974344501,0.0,0.0,0.0
67,40597087,,0.035004139641593636,0.026221943845453066,0.0,0.0,0.0,0.0876443464438402,0.0,0.06872259254935205,0.0,0.0,0.0,0.0,0.0,0.0,0.0,0.0,0.0,0.0,0.0,0.0
68,40483217,,0.05174747592940244,0.0,0.0,0.20962430869511478,0.03745808305976875,0.08637785424597182,0.09982958861771545,0.0,0.0,0.05218643557524297,0.0,0.0,0.05125113027434278,0.0,0.0,0.0,0.0,0.06887394906187258,0.0,0.09455897100075925
69,40513751,,0.06798751942210284,0.06790682224947138,0.0,0.0,0.0,0.15131471793778992,0.0,0.0,0.0,0.1828379704075547,0.0,0.0,0.0,0.0,0.0,0.0,0.0,0.0,0.0,0.0
70,40573320,,0.07415279841687344,0.0,0.0,0.0,0.0,0.0,0.0,0.03639549924790715,0.0,0.0,0.0,0.0,0.0,0.046177280788497935,0.0,0.0,0.0,0.0,0.0,0.0
71,40607693,,0.0938896707098157,0.02009533483124243,0.0,0.0,0.0,0.13433348025110528,0.0,0.026332973556225207,0.0,0.0,0.0,0.0,0.0,0.0,0.0,0.0,0.0,0.0,0.0,0.0
72,40544938,,0.03528655573482534,0.0,0.062162133324203686,0.05717704849786915,0.051085264039215914,0.0,0.0,0.03463852585813764,0.0,0.0,0.07117176381858545,0.0,0.0,0.0,0.0,0.0,0.0,0.0,0.0,0.0
73,40397091,,0.02306662587668793,0.0691177414597982,0.12190512589510737,0.18688159824167064,0.03339415391685425,0.038503243146412534,0.0,0.13585807403148012,0.0,0.0,0.0,0.0,0.09138151197237039,0.0,0.0,0.0,0.0,0.06140162731135638,0.0,0.0
74,40602225,,0.05151889001181467,0.0,0.0,0.0,0.0,0.028665431452965354,0.0,0.03371517124477294,0.0,0.03463727375067279,0.0,0.0,0.0,0.0,0.0,0.0,0.0,0.0,0.0,0.0
75,40493228,425.0,0.04057530550432747,0.0,0.0,0.0,0.0,0.03386452925375609,0.0,0.0,0.0,0.0,0.08183898938515197,0.0,0.0,0.0,0.0,0.0,0.0,0.0,0.0,0.0
76,40567026,,0.01831574791706651,0.02744101230804749,0.0322657153763956,0.11871268080667964,0.026516184391882334,0.030572988838039394,0.07066831944734982,0.0,0.0,0.0,0.0,0.0,0.0,0.0,0.0,0.0,0.0,0.0,0.0,0.0
77,40539984,60000.0,0.10229288214646429,0.0,0.0,0.03315033140342935,0.08885523880066029,0.06829967650211301,0.039468036497601215,0.0,0.0,0.0,0.12379272553255198,0.0,0.0,0.0,0.0,0.0,0.0,0.0,0.0,0.0
78,40535025,45000.0,0.014894243696421899,0.0,0.0,0.0,0.0,0.0,0.0,0.11696571335393716,0.0,0.030041174961488247,0.0,0.0,0.0,0.0,0.0,0.0,0.12066043568439096,0.03964735915088814,0.0,0.0
79,40565287,,0.09270352848467346,0.0,0.06532401904673352,0.09012805076116628,0.0,0.0,0.0,0.0,0.0,0.0,0.0,0.051591070241293724,0.11017721417155378,0.0,0.05614688051617867,0.0,0.0,0.0,0.0,0.0
80,40396917,130000.0,0.0,0.02305633792113393,0.0,0.024936030543230233,0.0,0.07706361055442942,0.11875310103038039,0.0,0.0,0.0,0.0,0.0,0.0,0.0,0.0,0.0,0.0,0.0,0.0,0.05624169743693245
81,40460771,,0.04611476929966002,0.023030016895198967,0.054158349692963216,0.0,0.0890154004066641,0.0,0.0,0.0,0.10471690625020477,0.0,0.0,0.04277273909254256,0.0,0.19144745227962054,0.5120481986400238,0.0,0.0,0.0,0.0,0.0
82,40540039,,0.018487208222048395,0.0,0.0,0.0,0.02676441193265077,0.03085919358458395,0.0,0.0,0.0,0.0,0.0,0.0,0.0,0.0,0.0,0.0,0.0,0.0,0.05497213691000628,0.0
83,40590452,,0.03646984009924895,0.0,0.0,0.0,0.07919750336100659,0.0,0.0,0.0,0.0,0.0,0.11033761125134241,0.0,0.0,0.0,0.0,0.0,0.0,0.0,0.05422195225320545,0.0
84,40548902,47500.0,0.03646984009924895,0.0,0.0,0.0,0.07919750336100659,0.0,0.0,0.0,0.0,0.0,0.11033761125134241,0.0,0.0,0.0,0.0,0.0,0.0,0.0,0.05422195225320545,0.0
85,40566178,,0.08783694318571449,0.0,0.05157896219864576,0.023721296755700647,0.042387942013576464,0.0,0.0,0.028741278979852028,0.0,0.0,0.0,0.0,0.0,0.036465885538017405,0.13299845309475056,0.0,0.0,0.0,0.0,0.0
86,39980572,,0.022813611343189974,0.0,0.040189321978011415,0.0,0.03302785819939646,0.0,0.0,0.04478928872327922,0.0,0.046014265902524915,0.0,0.0,0.0,0.0,0.0,0.0,0.0,0.0,0.0,0.0
87,40397019,,0.0,0.05195321031440237,0.0916315045930134,0.0,0.0,0.0,0.03344852971893487,0.0,0.118114968795889,0.0,0.0,0.0,0.0,0.08637692102182634,0.0,0.0,0.0,0.0,0.0,0.0
88,40467850,,0.14885162895641554,0.06082157080584101,0.023838424403303807,0.0,0.03918115868290186,0.022587811077383543,0.0,0.29223600270763184,0.0,0.0,0.027293508454584177,0.0,0.05360868746948357,0.0,0.0,0.0,0.0,0.03602107885506928,0.0,0.0
89,40600753,,0.07190979506037093,0.015390951938157175,0.0,0.0166457157650993,0.044616719854656046,0.06859038530063047,0.019818013562231604,0.020168339258648135,0.0,0.0,0.12431963336503137,0.0,0.0,0.0,0.0,0.0,0.0,0.0,0.0,0.0
90,40569457,,0.05842576413891946,0.05835641620543226,0.0,0.0,0.0,0.06501691851774137,0.0,0.038235191841257586,0.0,0.0,0.0,0.0,0.0,0.0,0.0,0.0,0.0,0.0,0.0,0.0
91,40031900,,0.0987464637419039,0.021134840896691376,0.0,0.022857881417635312,0.020422546078790762,0.0,0.027214077804234092,0.05539028944990133,0.0,0.02845260083177958,0.0,0.0,0.027942662414084985,0.035138588585666236,0.0,0.0,0.0,0.0,0.0,0.0
92,40520218,,0.05258242204194189,0.052520009810624046,0.0,0.0,0.0,0.05851437460428654,0.0,0.03441117157614299,0.0,0.0,0.0,0.0,0.0,0.0,0.0,0.0,0.0,0.0,0.0,0.0
93,40598990,,0.07221115205830753,0.02163763250491028,0.0,0.0,0.0,0.024107241002192095,0.0,0.08506201205743635,0.0,0.029129479782520135,0.0,0.0,0.0,0.0,0.0437354542251724,0.0,0.0,0.03844413370304796,0.0,0.0
94,40477823,,0.03390517296173787,0.0,0.0,0.0,0.0,0.09432524761429709,0.021802927956012647,0.04437668250331051,0.0,0.0,0.0,0.0,0.06715993022758504,0.0,0.0,0.0,0.0,0.0,0.0,0.0
95,40579422,,0.02611075495427307,0.05215952605862802,0.0,0.0,0.0,0.0,0.06716271995280051,0.034174982202129625,0.0,0.035109660436414204,0.0,0.0,0.0,0.0,0.0,0.0,0.0,0.0,0.0,0.0
96,40517112,,0.11877788103708056,0.019772816450513795,0.0,0.021384816470951872,0.0,0.02202958439914686,0.0,0.1295517235955612,0.0,0.0,0.0,0.0,0.0,0.0,0.0,0.0,0.0,0.0,0.0,0.0
97,40610900,,0.0,0.0,0.0,0.0,0.0,0.0,0.0,0.0,0.0,0.028270821161899842,0.0,0.0,0.0,0.0,0.0,0.0,0.03784993544053383,0.0,0.0,0.0
98,40477756,,0.03311859223165556,0.0,0.0,0.13416039868278007,0.0,0.0,0.0,0.0,0.0,0.0,0.0,0.0,0.0,0.0,0.0,0.0,0.0,0.0,0.0,0.0
99,40586197,,0.06302096898541265,0.0,0.0,0.01701948010615552,0.0,0.0,0.02026300895231638,0.04124240178442211,0.0,0.0,0.0,0.0,0.0,0.0,0.0,0.0,0.0,0.0,0.0,0.0
100,40477771,,0.008731621216274533,0.0,0.0,0.0,0.0,0.0,0.0,0.017142533805581447,0.0,0.0,0.0,0.0,0.017295740455902427,0.0,0.0,0.0,0.0,0.0,0.0,0.0
101,40477767,120000.0,0.04699557315651921,0.0,0.0,0.03045996538453324,0.0,0.0,0.0,0.07381201557820548,0.0,0.0,0.0,0.0,0.0,0.0,0.0,0.0,0.0,0.0,0.0,0.0
102,40477786,149500.0,0.019466345908782993,0.0,0.0,0.3627394082712774,0.0,0.0,0.0,0.0,0.0,0.0,0.0,0.0,0.0,0.0,0.0,0.0,0.0,0.0,0.0,0.0
103,40588327,,0.038387698793313114,0.01917106743032818,0.0,0.0,0.0,0.0,0.01234272174532537,0.012560905700923575,0.0,0.012904443704604605,0.0,0.0,0.0,0.031873637207641595,0.07749973032923439,0.0,0.0,0.0,0.0,0.0
104,40477801,62500.0,0.008669345276424493,0.0,0.0,0.0,0.0,0.0,0.0,0.017020269293904756,0.0,0.017485769909430564,0.0,0.0,0.0171723832389991,0.0,0.0,0.0,0.0,0.0,0.0,0.0
105,40460441,175500.0,0.07434719645524777,0.11138842608203116,0.043657612576893344,0.0,0.0,0.04136724341730409,0.0,0.048654550971160615,0.0,0.0,0.0,0.0,0.09817877510285904,0.0,0.0,0.0,0.0,0.0,0.0,0.0
106,40539988,52500.0,0.17152935600933006,0.0,0.0,0.046323319193936785,0.08277583591196844,0.0,0.0,0.0,0.12983565254815546,0.0,0.0,0.0,0.0,0.0,0.0,0.0,0.07719912638957156,0.0,0.0,0.0
107,40559406,,0.12054589968620626,0.0,0.0,0.06510939373410438,0.14543119388472586,0.0,0.0,0.0,0.13686714547198348,0.24313691498369278,0.16209127665579517,0.0,0.0,0.0,0.0,0.0,0.0,0.0,0.0,0.0
108,40463799,24000.0,0.1726196550478925,0.0,0.0,0.046617765996252204,0.08330198733240583,0.0,0.0,0.0,0.1306609321996262,0.0,0.0,0.0,0.0,0.0,0.0,0.0,0.07768983034391878,0.0,0.0,0.0
109,40552606,,0.02792260579430525,0.010458548741003429,0.0,0.02262238623805679,0.0,0.0,0.0,0.0,0.0,0.0,0.0,0.0,0.0,0.017388285211590512,0.0,0.0,0.0,0.0,0.0,0.0
110,40572580,149500.0,0.027727690940090855,0.041542169711332955,0.0,0.13478681865661685,0.040142098977213415,0.0,0.0,0.0,0.0,0.0,0.0,0.0,0.0,0.0,0.0,0.0,0.0,0.0,0.08244892383151442,0.0
111,40504837,,0.06485770778202804,0.1295614510221562,0.0,0.0,0.0,0.21652339670313053,0.04170714397356069,0.0,0.0,0.0,0.0,0.0,0.0,0.0,0.0,0.0,0.0,0.0,0.0,0.0790103349543517
112,40512528,,0.1726196550478925,0.0,0.0,0.046617765996252204,0.08330198733240583,0.0,0.0,0.0,0.1306609321996262,0.0,0.0,0.0,0.0,0.0,0.0,0.0,0.07768983034391878,0.0,0.0,0.0
113,40462149,,0.04886088371393061,0.03660216654670991,0.0,0.0,0.0,0.0,0.0,0.0,0.16642912857025455,0.0,0.0,0.0,0.0,0.0,0.0,0.0,0.06597152158256891,0.0,0.0,0.08928425596023824
114,40502711,,0.2519932228995075,0.0,0.0,0.13610687722103737,0.06080285659243988,0.07010529978403174,0.0,0.0,0.09537056890451663,0.0,0.08471027076556678,0.0,0.0,0.0,0.0,0.0,0.0,0.0,0.0,0.0
115,40567195,,0.0380479475699447,0.0,0.0,0.061651507157556795,0.0,0.06351034539421278,0.0,0.0,0.0,0.0,0.0767413957479982,0.0,0.0,0.0,0.0,0.1174395686526032,0.0,0.0,0.0,0.0
116,40609763,,0.0,0.045797415375988575,0.0,0.0,0.0,0.0,0.0,0.0,0.0,0.0,0.0,0.0,0.0,0.0,0.0,0.0,0.0,0.0,0.0,0.0
117,40395892,,0.03742909065818413,0.05607699680520376,0.0,0.020216244659643584,0.0,0.020825779289168563,0.0,0.024494475730890454,0.028331187867487097,0.0,0.0,0.0,0.024713388326931332,0.0,0.0,0.0,0.0,0.03321114363066936,0.0,0.0
118,40476924,,0.11065505370125472,0.0,0.03248902241440011,0.0,0.0,0.0,0.03557870308669125,0.0,0.16751617844670422,0.0,0.0,0.0,0.0,0.0,0.0,0.0,0.0,0.0,0.0,0.0
119,40284374,,0.0,0.0,0.0,0.0,0.03946447099234373,0.0,0.05258840792647013,0.0,0.0,0.0,0.0,0.0,0.0,0.0,0.0,0.0,0.0,0.0,0.0810571257060019,0.0
120,40603075,,0.18536459478533493,0.0,0.0,0.0,0.1150102039585268,0.0884040134361897,0.0,0.0,0.0,0.0,0.10682113817375302,0.0,0.0,0.0,0.0,0.0,0.0,0.0,0.0,0.0
121,40532605,,0.022269090670482283,0.0,0.0,0.03608402267532653,0.0,0.0,0.042960823124161274,0.0,0.0,0.0,0.0,0.0,0.0,0.0,0.0,0.0,0.0,0.0,0.0,0.0
122,40475634,,0.09268416716012613,0.0,0.0,0.0,0.0,0.03867753614103237,0.0,0.0,0.0,0.0,0.0,0.0,0.0,0.0,0.0,0.0,0.0,0.0,0.0,0.0
123,40472223,,0.08969058387477588,0.0,0.0,0.0,0.0,0.04990439979295407,0.0,0.0,0.40733676458879203,0.0,0.0,0.0,0.0,0.0,0.0,0.0,0.0,0.0,0.0,0.0
124,40488887,,0.033422633113655086,0.0,0.0,0.0541568162341193,0.04838681480640583,0.0,0.0,0.0,0.15179148856431177,0.0,0.0,0.0,0.0,0.0,0.0,0.0,0.0,0.0,0.0,0.0
125,40547420,,0.06700217804858488,0.0,0.0,0.0,0.0,0.0,0.0,0.0,0.0,0.0,0.0,0.0,0.0,0.0,0.0,0.0,0.0,0.0,0.0,0.0
126,40555481,120000.0,0.10118518700302513,0.07579881461883567,0.044562914642224886,0.04098919704727711,0.07324421280659972,0.0,0.0,0.0,0.17232764961566238,0.0,0.0,0.0,0.0,0.0,0.0,0.0,0.0,0.0,0.0,0.0
127,40570437,156000.0,0.07514198662037913,0.022515839255241435,0.0,0.048702934290403545,0.130542008886795,0.07525704531254215,0.0,0.0,0.13650527131121776,0.03031175819365586,0.0,0.0,0.029768499245125937,0.0,0.0,0.0,0.0,0.0,0.0,0.0
128,40555023,47500.0,0.013697675105573168,0.0,0.0,0.0,0.0,0.0,0.0,0.026892240597599537,0.0,0.0,0.0,0.0,0.0,0.0,0.0,0.0,0.0,0.0,0.0,0.0
129,40603456,,0.05555956528755482,0.1664808580887856,0.0,0.0,0.0,0.030913688356673078,0.0,0.0,0.0,0.0,0.0,0.0,0.0,0.0,0.0,0.0,0.0,0.0,0.0,0.0
130,40529739,156000.0,0.020925339223142415,0.0,0.0,0.0,0.06058831512815445,0.03492896743273068,0.040368500469131485,0.0,0.0,0.0,0.0,0.0,0.04144925978701628,0.0,0.0,0.0,0.05650640607584964,0.0,0.0,0.07647439838347389
131,40532641,,0.0,0.0,0.0,0.03594236975407777,0.0,0.0,0.04279217435266635,0.0,0.0,0.04473966247685599,0.0,0.0,0.0,0.0,0.0,0.0,0.0,0.0,0.0,0.0
132,40563119,24000.0,0.10502936243954998,0.0,0.0,0.0,0.0,0.02921949588654896,0.0,0.0,0.0,0.0,0.0,0.0,0.0,0.0,0.0,0.0,0.0,0.0,0.0,0.0
133,40599857,60000.0,0.01852042103571472,0.027747657583653114,0.0,0.0,0.026812494986388855,0.0,0.0,0.0,0.0,0.03735504937575269,0.0,0.0,0.0,0.0,0.056085452409371656,0.0,0.0,0.0,0.055070895971845286,0.0
134,40462737,77500.0,0.02258885538634036,0.0,0.0,0.0,0.0,0.0,0.04357770306787337,0.0,0.0,0.0,0.0,0.0,0.0,0.0,0.0,0.0,0.06099853491682173,0.0,0.0,0.0
135,40517137,80000.0,0.05075552546639498,0.025347640826740417,0.0,0.0,0.0734800936477052,0.0,0.06527729950601929,0.0,0.0,0.17062023556171366,0.1023721413370282,0.0,0.0,0.0,0.0,0.0,0.0,0.0,0.0,0.0
136,40396373,,0.01463183271265783,0.08768679354517835,0.0773279723895543,0.047417776612222594,0.021182884584172123,0.024423728707650517,0.0,0.057452489223156655,0.03322580331007675,0.0,0.0,0.0,0.08694893241153023,0.0,0.0,0.0,0.0,0.0,0.0,0.0
137,40603131,,0.08643015924010534,0.12949135761386352,0.0,0.0,0.03128179708805259,0.0,0.0,0.0,0.0,0.0,0.0,0.0,0.0,0.0,0.0,0.0,0.0,0.0,0.0,0.0
138,40583543,,0.13100259742664172,0.05607733074679118,0.0,0.0,0.05418739023160654,0.0,0.0,0.0,0.0,0.0,0.0,0.15622531116371494,0.0,0.13985046755679398,0.0,0.0,0.0,0.0,0.0,0.0
139,40463797,,0.12347742024471052,0.0,0.0,0.0,0.0,0.0,0.047641744240523635,0.0,0.0,0.0,0.0,0.0,0.0,0.0,0.0,0.0,0.0,0.0,0.0,0.0
140,40483249,,0.040957171596691364,0.061362836777217884,0.0,0.06636550771115271,0.11858952406916227,0.06836647652791356,0.0,0.0,0.0,0.0,0.0,0.0,0.0,0.0,0.0,0.0,0.0,0.0,0.12178708745080981,0.0
141,40610492,,0.05325408343277452,0.05319087397903016,0.0312714702570539,0.05752731690085215,0.025699106989207413,0.0,0.0,0.0,0.0,0.0,0.0,0.0,0.0,0.08843464904217743,0.05375650579098403,0.0,0.0,0.0,0.0,0.0
142,40593668,,0.0,0.0,0.0,0.0,0.03766937330036516,0.0,0.05019634926408623,0.0,0.0,0.0,0.0,0.0,0.0,0.0,0.0,0.0,0.0,0.0,0.07737012685324929,0.0
143,40593667,,0.0,0.0,0.0,0.0,0.03766937330036516,0.0,0.05019634926408623,0.0,0.0,0.0,0.0,0.0,0.0,0.0,0.0,0.0,0.0,0.0,0.07737012685324929,0.0
144,39336135,,0.03734013258062149,0.08391557710626128,0.03288989604515625,0.0,0.027029140311614203,0.031164423690678667,0.0,0.0,0.0,0.0,0.0,0.0,0.0369819776709786,0.0,0.0,0.05762740625677298,0.0,0.0,0.0555158695624913,0.0
145,40560044,,0.09116225548147497,0.08194864613851435,0.0642379530828711,0.0,0.02639559341908471,0.0,0.0,0.0357952322409837,0.04140204756865697,0.0,0.0,0.05073332593459056,0.0,0.0,0.0,0.0,0.0,0.0,0.0,0.0
146,40592651,,0.06790571991125248,0.12717209968089796,0.0,0.0,0.0,0.0,0.032750390051770516,0.0,0.0,0.0,0.0,0.0,0.0,0.0,0.0,0.0,0.0,0.0,0.0,0.06204259130081934
147,40568753,,0.04297456742364375,0.03219266936149497,0.0,0.034817211181248614,0.031107699208529658,0.0,0.0,0.0,0.048793085343245814,0.0,0.0,0.0,0.0,0.0,0.0,0.0,0.0,0.057197536972239095,0.0,0.0
148,40546123,,0.04297456742364375,0.03219266936149497,0.0,0.034817211181248614,0.031107699208529658,0.0,0.0,0.0,0.048793085343245814,0.0,0.0,0.0,0.0,0.0,0.0,0.0,0.0,0.057197536972239095,0.0,0.0
149,40560478,,0.08928887496581057,0.0,0.0,0.07234021892935531,0.0,0.0,0.02870887740861719,0.0,0.03379269769381663,0.060030858668949014,0.060030858668949014,0.0,0.0,0.0,0.0,0.0,0.0,0.0,0.0,0.0
150,40487613,45000.0,0.05258009269858288,0.05251768323205812,0.0308756943871263,0.056799243557837525,0.025373855686937036,0.0,0.0,0.0,0.0,0.0,0.0,0.0,0.0,0.08731540840946317,0.05307615633287385,0.0,0.0,0.0,0.0,0.0
151,40601618,47500.0,0.07838209666150679,0.050328682546645194,0.0,0.018143927416350094,0.0,0.03738196031688343,0.25922100654628855,0.0,0.0,0.1355091265544584,0.0,0.0,0.0,0.0,0.0,0.0,0.030237370080366765,0.0,0.0,0.0
152,40578996,28000.0,0.0,0.0,0.0,0.0,0.0,0.0,0.0,0.0,0.0,0.0,0.0,0.0,0.0,0.0,0.0,0.0,0.0,0.0,0.0,0.0
153,40569649,87500.0,0.030124114477840656,0.09026507679603978,0.0,0.0,0.0,0.0,0.0,0.0,0.0,0.030379649078996714,0.0,0.0,0.0,0.0,0.0,0.0,0.0,0.0,0.0,0.0
154,40524112,139750.0,0.011949722378546081,0.01790330814511192,0.10525541813497126,0.0,0.0,0.1795202999604971,0.0,0.0,0.24421767241400222,0.0,0.0,0.0,0.0,0.0,0.0,0.0,0.0,0.03180926434078949,0.0,0.0
155,40582750,,0.04717441627491936,0.28271053816345604,0.0,0.0,0.01707390719436044,0.03937220878843394,0.11375923379410233,0.0,0.0,0.04757458390993644,0.0,0.0,0.0,0.0,0.0,0.0,0.0,0.0,0.0,0.0
156,40567148,,0.04516364741131269,0.013533012248277803,0.0,0.058545222215127486,0.013076917284414466,0.060310403678556834,0.052276965327135244,0.05320107228807071,0.0,0.018218703298216506,0.0,0.0,0.0,0.0,0.0,0.0,0.0,0.0,0.0,0.0
157,40578853,,0.030971611569348852,0.0,0.0,0.0,0.0,0.0,0.02987472515581183,0.0,0.0,0.0,0.0,0.0,0.0,0.0,0.0,0.0,0.0,0.0,0.0,0.0
158,40478450,,0.017457968268925567,0.05231174007310939,0.06150923650684493,0.0,0.0,0.11656466805231999,0.0,0.0,0.0,0.0,0.0,0.0,0.0,0.0,0.0,0.0,0.04714318051160665,0.0,0.0,0.0
159,40582782,,0.10274831219836954,0.2052527120328952,0.0,0.0,0.03305586724292768,0.0381132008027192,0.1541701650948393,0.0,0.0,0.06907993196705832,0.02302664398901944,0.0,0.0,0.02843760310076903,0.0,0.0,0.0,0.0,0.0,0.0
160,40608805,,0.06480709471576514,0.058257155267583696,0.0,0.08400884292398665,0.018764583146333672,0.06490632844508551,0.0,0.0,0.0,0.0,0.052285468420789905,0.0,0.0,0.0,0.03925110794686011,0.0,0.0,0.0,0.0,0.0
161,40479338,,0.15451484225832815,0.06944914901732106,0.027219919952547446,0.0,0.04473903077456909,0.025791906336915166,0.0,0.27301897976820977,0.0,0.0,0.031165109857470057,0.0,0.06121311362668079,0.0,0.0,0.0,0.0,0.04113069162840717,0.0,0.0
162,40477878,,0.029341611021389248,0.029306784260977856,0.0,0.0,0.0,0.0,0.03773660331623366,0.0,0.0,0.0,0.0,0.0,0.01937345029115223,0.0,0.0,0.0,0.0,0.02603505564390502,0.0,0.0
163,40579006,,0.056757455836880785,0.028345044043438607,0.0,0.0,0.0,0.0,0.0,0.01857170585895034,0.0,0.0,0.0,0.0,0.0,0.0,0.0,0.0,0.0,0.02518068145342261,0.0,0.0
164,40608728,29000.0,0.07123382008808284,0.0,0.0,0.0,0.0,0.0,0.0,0.0,0.026959494659710242,0.02394602568233973,0.02394602568233973,0.0,0.0,0.0,0.0,0.0,0.0,0.0,0.0,0.0
165,40574909,,0.0,0.0,0.0,0.0,0.0,0.0,0.13726473968011002,0.0,0.0,0.0,0.0,0.0,0.0,0.0,0.0,0.0,0.0,0.0,0.0,0.0
166,40477706,,0.030369666128234284,0.0,0.0,0.0,0.0,0.0,0.02929409813316479,0.0,0.0,0.0,0.0,0.0,0.0,0.0,0.0,0.0,0.0,0.0,0.0,0.0
